{
  "rows": {
    "云": {
      "起卦": {
        "buff": "起卦",
        "skill": "起卦",
        "cd": {
          "start": 1758381662.8566797,
          "end": 1758381687.8566797,
          "value": 25.0
        },
        "start": 1758381662.8566797,
        "end": 1758381687.8566797,
        "duration": {
          "start": 1758381662.8566797,
          "end": 1758381670.8566797,
          "value": 8.0
        }
      }
    },
    "剑": {
      "起卦": {
        "buff": "起卦",
        "skill": "起卦",
        "cd": {
          "start": 1758381662.8566797,
          "end": 1758381687.8566797,
          "value": 25.0
        },
        "start": 1758381662.8566797,
        "end": 1758381687.8566797,
        "duration": {
          "start": 1758381662.8566797,
          "end": 1758381670.8566797,
          "value": 8.0
        }
      }
    },
    "斧": {
      "起卦": {
        "buff": "起卦",
        "skill": "起卦",
        "cd": {
          "start": 1758381662.8566797,
          "end": 1758381687.8566797,
          "value": 25.0
        },
        "start": 1758381662.8566797,
        "end": 1758381687.8566797,
        "duration": {
          "start": 1758381662.8566797,
          "end": 1758381670.8566797,
          "value": 8.0
        }
      }
    }
  }
}