{
  "rows": {
    "云": {
      "起卦": {
        "buff": "起卦",
        "skill": "起卦",
        "cd": {
          "start": 1758367579.3172712,
          "end": 1758367604.3172712,
          "value": 25.0
        },
        "start": 1758367579.3172712,
        "end": 1758367604.3172712,
        "duration": {
          "start": 1758367579.3172712,
          "end": 1758367587.3172712,
          "value": 8.0
        }
      }
    },
    "剑": {
      "起卦": {
        "buff": "起卦",
        "skill": "起卦",
        "cd": {
          "start": 1758367579.3172712,
          "end": 1758367604.3172712,
          "value": 25.0
        },
        "start": 1758367579.3172712,
        "end": 1758367604.3172712,
        "duration": {
          "start": 1758367579.3172712,
          "end": 1758367587.3172712,
          "value": 8.0
        }
      }
    },
    "斧": {
      "起卦": {
        "buff": "起卦",
        "skill": "起卦",
        "cd": {
          "start": 1758367579.3172712,
          "end": 1758367604.3172712,
          "value": 25.0
        },
        "start": 1758367579.3172712,
        "end": 1758367604.3172712,
        "duration": {
          "start": 1758367579.3172712,
          "end": 1758367587.3172712,
          "value": 8.0
        }
      }
    }
  }
}